Azone,Bzone,Czone,Marea
BRAZORIA,48039660100,NA,HGACMPO
BRAZORIA,48039660200,NA,HGACMPO
BRAZORIA,48039660301,NA,HGACMPO
BRAZORIA,48039660302,NA,HGACMPO
BRAZORIA,48039660303,NA,HGACMPO
BRAZORIA,48039660401,NA,HGACMPO
BRAZORIA,48039660402,NA,HGACMPO
BRAZORIA,48039660403,NA,HGACMPO
BRAZORIA,48039660501,NA,HGACMPO
BRAZORIA,48039660502,NA,HGACMPO
BRAZORIA,48039660503,NA,HGACMPO
BRAZORIA,48039660504,NA,HGACMPO
BRAZORIA,48039660603,NA,HGACMPO
BRAZORIA,48039660604,NA,HGACMPO
BRAZORIA,48039660605,NA,HGACMPO
BRAZORIA,48039660606,NA,HGACMPO
BRAZORIA,48039660607,NA,HGACMPO
BRAZORIA,48039660608,NA,HGACMPO
BRAZORIA,48039660609,NA,HGACMPO
BRAZORIA,48039660610,NA,HGACMPO
BRAZORIA,48039660611,NA,HGACMPO
BRAZORIA,48039660612,NA,HGACMPO
BRAZORIA,48039660613,NA,HGACMPO
BRAZORIA,48039660614,NA,HGACMPO
BRAZORIA,48039660615,NA,HGACMPO
BRAZORIA,48039660616,NA,HGACMPO
BRAZORIA,48039660703,NA,HGACMPO
BRAZORIA,48039660704,NA,HGACMPO
BRAZORIA,48039660705,NA,HGACMPO
BRAZORIA,48039660706,NA,HGACMPO
BRAZORIA,48039660707,NA,HGACMPO
BRAZORIA,48039660708,NA,HGACMPO
BRAZORIA,48039660803,NA,HGACMPO
BRAZORIA,48039660804,NA,HGACMPO
BRAZORIA,48039660805,NA,HGACMPO
BRAZORIA,48039660806,NA,HGACMPO
BRAZORIA,48039660901,NA,HGACMPO
BRAZORIA,48039660902,NA,HGACMPO
BRAZORIA,48039661000,NA,HGACMPO
BRAZORIA,48039661100,NA,HGACMPO
BRAZORIA,48039661200,NA,HGACMPO
BRAZORIA,48039661300,NA,HGACMPO
BRAZORIA,48039661400,NA,HGACMPO
BRAZORIA,48039661501,NA,HGACMPO
BRAZORIA,48039661502,NA,HGACMPO
BRAZORIA,48039661601,NA,HGACMPO
BRAZORIA,48039661602,NA,HGACMPO
BRAZORIA,48039661700,NA,HGACMPO
BRAZORIA,48039661800,NA,HGACMPO
BRAZORIA,48039661901,NA,HGACMPO
BRAZORIA,48039661902,NA,HGACMPO
BRAZORIA,48039662000,NA,HGACMPO
BRAZORIA,48039662100,NA,HGACMPO
BRAZORIA,48039662200,NA,HGACMPO
BRAZORIA,48039662300,NA,HGACMPO
BRAZORIA,48039662400,NA,HGACMPO
BRAZORIA,48039662500,NA,HGACMPO
BRAZORIA,48039662600,NA,HGACMPO
BRAZORIA,48039662700,NA,HGACMPO
BRAZORIA,48039662800,NA,HGACMPO
BRAZORIA,48039662900,NA,HGACMPO
BRAZORIA,48039663000,NA,HGACMPO
BRAZORIA,48039663100,NA,HGACMPO
BRAZORIA,48039663200,NA,HGACMPO
BRAZORIA,48039663300,NA,HGACMPO
BRAZORIA,48039663400,NA,HGACMPO
BRAZORIA,48039663500,NA,HGACMPO
BRAZORIA,48039663600,NA,HGACMPO
BRAZORIA,48039663700,NA,HGACMPO
BRAZORIA,48039663800,NA,HGACMPO
BRAZORIA,48039663900,NA,HGACMPO
BRAZORIA,48039664000,NA,HGACMPO
BRAZORIA,48039664100,NA,HGACMPO
BRAZORIA,48039664200,NA,HGACMPO
BRAZORIA,48039664300,NA,HGACMPO
BRAZORIA,48039664400,NA,HGACMPO
BRAZORIA,48039664501,NA,HGACMPO
BRAZORIA,48039990000,NA,HGACMPO
CHAMBERS,48071710100,NA,HGACMPO
CHAMBERS,48071710201,NA,HGACMPO
CHAMBERS,48071710202,NA,HGACMPO
CHAMBERS,48071710300,NA,HGACMPO
CHAMBERS,48071710401,NA,HGACMPO
CHAMBERS,48071710500,NA,HGACMPO
CHAMBERS,48071710600,NA,HGACMPO
CHAMBERS,48071990000,NA,HGACMPO
FORT BEND,48157670101,NA,HGACMPO
FORT BEND,48157670102,NA,HGACMPO
FORT BEND,48157670201,NA,HGACMPO
FORT BEND,48157670202,NA,HGACMPO
FORT BEND,48157670300,NA,HGACMPO
FORT BEND,48157670400,NA,HGACMPO
FORT BEND,48157670500,NA,HGACMPO
FORT BEND,48157670602,NA,HGACMPO
FORT BEND,48157670603,NA,HGACMPO
FORT BEND,48157670604,NA,HGACMPO
FORT BEND,48157670700,NA,HGACMPO
FORT BEND,48157670801,NA,HGACMPO
FORT BEND,48157670802,NA,HGACMPO
FORT BEND,48157670803,NA,HGACMPO
FORT BEND,48157670804,NA,HGACMPO
FORT BEND,48157670902,NA,HGACMPO
FORT BEND,48157670903,NA,HGACMPO
FORT BEND,48157670904,NA,HGACMPO
FORT BEND,48157671001,NA,HGACMPO
FORT BEND,48157671002,NA,HGACMPO
FORT BEND,48157671101,NA,HGACMPO
FORT BEND,48157671102,NA,HGACMPO
FORT BEND,48157671200,NA,HGACMPO
FORT BEND,48157671300,NA,HGACMPO
FORT BEND,48157671401,NA,HGACMPO
FORT BEND,48157671402,NA,HGACMPO
FORT BEND,48157671501,NA,HGACMPO
FORT BEND,48157671502,NA,HGACMPO
FORT BEND,48157671601,NA,HGACMPO
FORT BEND,48157671602,NA,HGACMPO
FORT BEND,48157671700,NA,HGACMPO
FORT BEND,48157671800,NA,HGACMPO
FORT BEND,48157671900,NA,HGACMPO
FORT BEND,48157672002,NA,HGACMPO
FORT BEND,48157672003,NA,HGACMPO
FORT BEND,48157672004,NA,HGACMPO
FORT BEND,48157672100,NA,HGACMPO
FORT BEND,48157672201,NA,HGACMPO
FORT BEND,48157672202,NA,HGACMPO
FORT BEND,48157672303,NA,HGACMPO
FORT BEND,48157672304,NA,HGACMPO
FORT BEND,48157672305,NA,HGACMPO
FORT BEND,48157672306,NA,HGACMPO
FORT BEND,48157672401,NA,HGACMPO
FORT BEND,48157672402,NA,HGACMPO
FORT BEND,48157672500,NA,HGACMPO
FORT BEND,48157672602,NA,HGACMPO
FORT BEND,48157672603,NA,HGACMPO
FORT BEND,48157672604,NA,HGACMPO
FORT BEND,48157672701,NA,HGACMPO
FORT BEND,48157672702,NA,HGACMPO
FORT BEND,48157672703,NA,HGACMPO
FORT BEND,48157672801,NA,HGACMPO
FORT BEND,48157672802,NA,HGACMPO
FORT BEND,48157672901,NA,HGACMPO
FORT BEND,48157672902,NA,HGACMPO
FORT BEND,48157672903,NA,HGACMPO
FORT BEND,48157672904,NA,HGACMPO
FORT BEND,48157672905,NA,HGACMPO
FORT BEND,48157672906,NA,HGACMPO
FORT BEND,48157672907,NA,HGACMPO
FORT BEND,48157673004,NA,HGACMPO
FORT BEND,48157673005,NA,HGACMPO
FORT BEND,48157673006,NA,HGACMPO
FORT BEND,48157673007,NA,HGACMPO
FORT BEND,48157673008,NA,HGACMPO
FORT BEND,48157673009,NA,HGACMPO
FORT BEND,48157673010,NA,HGACMPO
FORT BEND,48157673103,NA,HGACMPO
FORT BEND,48157673104,NA,HGACMPO
FORT BEND,48157673105,NA,HGACMPO
FORT BEND,48157673106,NA,HGACMPO
FORT BEND,48157673107,NA,HGACMPO
FORT BEND,48157673108,NA,HGACMPO
FORT BEND,48157673109,NA,HGACMPO
FORT BEND,48157673110,NA,HGACMPO
FORT BEND,48157673111,NA,HGACMPO
FORT BEND,48157673112,NA,HGACMPO
FORT BEND,48157673113,NA,HGACMPO
FORT BEND,48157673201,NA,HGACMPO
FORT BEND,48157673202,NA,HGACMPO
FORT BEND,48157673300,NA,HGACMPO
FORT BEND,48157673401,NA,HGACMPO
FORT BEND,48157673402,NA,HGACMPO
FORT BEND,48157673403,NA,HGACMPO
FORT BEND,48157673404,NA,HGACMPO
FORT BEND,48157673501,NA,HGACMPO
FORT BEND,48157673502,NA,HGACMPO
FORT BEND,48157673600,NA,HGACMPO
FORT BEND,48157673700,NA,HGACMPO
FORT BEND,48157673801,NA,HGACMPO
FORT BEND,48157673802,NA,HGACMPO
FORT BEND,48157673902,NA,HGACMPO
FORT BEND,48157673903,NA,HGACMPO
FORT BEND,48157673904,NA,HGACMPO
FORT BEND,48157674001,NA,HGACMPO
FORT BEND,48157674002,NA,HGACMPO
FORT BEND,48157674100,NA,HGACMPO
FORT BEND,48157674200,NA,HGACMPO
FORT BEND,48157674301,NA,HGACMPO
FORT BEND,48157674302,NA,HGACMPO
FORT BEND,48157674401,NA,HGACMPO
FORT BEND,48157674402,NA,HGACMPO
FORT BEND,48157674403,NA,HGACMPO
FORT BEND,48157674404,NA,HGACMPO
FORT BEND,48157674503,NA,HGACMPO
FORT BEND,48157674504,NA,HGACMPO
FORT BEND,48157674505,NA,HGACMPO
FORT BEND,48157674506,NA,HGACMPO
FORT BEND,48157674507,NA,HGACMPO
FORT BEND,48157674508,NA,HGACMPO
FORT BEND,48157674601,NA,HGACMPO
FORT BEND,48157674602,NA,HGACMPO
FORT BEND,48157674603,NA,HGACMPO
FORT BEND,48157674604,NA,HGACMPO
FORT BEND,48157674701,NA,HGACMPO
FORT BEND,48157674702,NA,HGACMPO
FORT BEND,48157674800,NA,HGACMPO
FORT BEND,48157674900,NA,HGACMPO
FORT BEND,48157675000,NA,HGACMPO
FORT BEND,48157675101,NA,HGACMPO
FORT BEND,48157675102,NA,HGACMPO
FORT BEND,48157675200,NA,HGACMPO
FORT BEND,48157675300,NA,HGACMPO
FORT BEND,48157675401,NA,HGACMPO
FORT BEND,48157675402,NA,HGACMPO
FORT BEND,48157675501,NA,HGACMPO
FORT BEND,48157675502,NA,HGACMPO
FORT BEND,48157675503,NA,HGACMPO
FORT BEND,48157675600,NA,HGACMPO
FORT BEND,48157675701,NA,HGACMPO
FORT BEND,48157675702,NA,HGACMPO
FORT BEND,48157675800,NA,HGACMPO
GALVESTON,48167720100,NA,HGACMPO
GALVESTON,48167720200,NA,HGACMPO
GALVESTON,48167720301,NA,HGACMPO
GALVESTON,48167720302,NA,HGACMPO
GALVESTON,48167720400,NA,HGACMPO
GALVESTON,48167720501,NA,HGACMPO
GALVESTON,48167720504,NA,HGACMPO
GALVESTON,48167720505,NA,HGACMPO
GALVESTON,48167720506,NA,HGACMPO
GALVESTON,48167720507,NA,HGACMPO
GALVESTON,48167720508,NA,HGACMPO
GALVESTON,48167720509,NA,HGACMPO
GALVESTON,48167720510,NA,HGACMPO
GALVESTON,48167720511,NA,HGACMPO
GALVESTON,48167720512,NA,HGACMPO
GALVESTON,48167720601,NA,HGACMPO
GALVESTON,48167720602,NA,HGACMPO
GALVESTON,48167720603,NA,HGACMPO
GALVESTON,48167720604,NA,HGACMPO
GALVESTON,48167720605,NA,HGACMPO
GALVESTON,48167720701,NA,HGACMPO
GALVESTON,48167720702,NA,HGACMPO
GALVESTON,48167720703,NA,HGACMPO
GALVESTON,48167720800,NA,HGACMPO
GALVESTON,48167720900,NA,HGACMPO
GALVESTON,48167721000,NA,HGACMPO
GALVESTON,48167721101,NA,HGACMPO
GALVESTON,48167721102,NA,HGACMPO
GALVESTON,48167721103,NA,HGACMPO
GALVESTON,48167721203,NA,HGACMPO
GALVESTON,48167721204,NA,HGACMPO
GALVESTON,48167721205,NA,HGACMPO
GALVESTON,48167721206,NA,HGACMPO
GALVESTON,48167721207,NA,HGACMPO
GALVESTON,48167721208,NA,HGACMPO
GALVESTON,48167721209,NA,HGACMPO
GALVESTON,48167721210,NA,HGACMPO
GALVESTON,48167721211,NA,HGACMPO
GALVESTON,48167721301,NA,HGACMPO
GALVESTON,48167721302,NA,HGACMPO
GALVESTON,48167721401,NA,HGACMPO
GALVESTON,48167721402,NA,HGACMPO
GALVESTON,48167721403,NA,HGACMPO
GALVESTON,48167721501,NA,HGACMPO
GALVESTON,48167721502,NA,HGACMPO
GALVESTON,48167721503,NA,HGACMPO
GALVESTON,48167721600,NA,HGACMPO
GALVESTON,48167721701,NA,HGACMPO
GALVESTON,48167721702,NA,HGACMPO
GALVESTON,48167721703,NA,HGACMPO
GALVESTON,48167721800,NA,HGACMPO
GALVESTON,48167721901,NA,HGACMPO
GALVESTON,48167721902,NA,HGACMPO
GALVESTON,48167722001,NA,HGACMPO
GALVESTON,48167722002,NA,HGACMPO
GALVESTON,48167722100,NA,HGACMPO
GALVESTON,48167722200,NA,HGACMPO
GALVESTON,48167722300,NA,HGACMPO
GALVESTON,48167722600,NA,HGACMPO
GALVESTON,48167722700,NA,HGACMPO
GALVESTON,48167722800,NA,HGACMPO
GALVESTON,48167722900,NA,HGACMPO
GALVESTON,48167723000,NA,HGACMPO
GALVESTON,48167723100,NA,HGACMPO
GALVESTON,48167723200,NA,HGACMPO
GALVESTON,48167723300,NA,HGACMPO
GALVESTON,48167723401,NA,HGACMPO
GALVESTON,48167723402,NA,HGACMPO
GALVESTON,48167723403,NA,HGACMPO
GALVESTON,48167723501,NA,HGACMPO
GALVESTON,48167723503,NA,HGACMPO
GALVESTON,48167723504,NA,HGACMPO
GALVESTON,48167723505,NA,HGACMPO
GALVESTON,48167723600,NA,HGACMPO
GALVESTON,48167723700,NA,HGACMPO
GALVESTON,48167723800,NA,HGACMPO
GALVESTON,48167723900,NA,HGACMPO
GALVESTON,48167724000,NA,HGACMPO
GALVESTON,48167724101,NA,HGACMPO
GALVESTON,48167724200,NA,HGACMPO
GALVESTON,48167724300,NA,HGACMPO
GALVESTON,48167724400,NA,HGACMPO
GALVESTON,48167724500,NA,HGACMPO
GALVESTON,48167724600,NA,HGACMPO
GALVESTON,48167724700,NA,HGACMPO
GALVESTON,48167724800,NA,HGACMPO
GALVESTON,48167724900,NA,HGACMPO
GALVESTON,48167725000,NA,HGACMPO
GALVESTON,48167725100,NA,HGACMPO
GALVESTON,48167725200,NA,HGACMPO
GALVESTON,48167725300,NA,HGACMPO
GALVESTON,48167725400,NA,HGACMPO
GALVESTON,48167725500,NA,HGACMPO
GALVESTON,48167725600,NA,HGACMPO
GALVESTON,48167725700,NA,HGACMPO
GALVESTON,48167725800,NA,HGACMPO
GALVESTON,48167725900,NA,HGACMPO
GALVESTON,48167726000,NA,HGACMPO
GALVESTON,48167726101,NA,HGACMPO
GALVESTON,48167726102,NA,HGACMPO
GALVESTON,48167726200,NA,HGACMPO
GALVESTON,48167990000,NA,HGACMPO
GALVESTON,48167990100,NA,HGACMPO
HARRIS,48201100001,NA,HGACMPO
HARRIS,48201210400,NA,HGACMPO
HARRIS,48201210500,NA,HGACMPO
HARRIS,48201210600,NA,HGACMPO
HARRIS,48201210700,NA,HGACMPO
HARRIS,48201210800,NA,HGACMPO
HARRIS,48201210900,NA,HGACMPO
HARRIS,48201211000,NA,HGACMPO
HARRIS,48201211101,NA,HGACMPO
HARRIS,48201211102,NA,HGACMPO
HARRIS,48201211200,NA,HGACMPO
HARRIS,48201211301,NA,HGACMPO
HARRIS,48201211302,NA,HGACMPO
HARRIS,48201211400,NA,HGACMPO
HARRIS,48201211501,NA,HGACMPO
HARRIS,48201211502,NA,HGACMPO
HARRIS,48201211600,NA,HGACMPO
HARRIS,48201211700,NA,HGACMPO
HARRIS,48201211900,NA,HGACMPO
HARRIS,48201212300,NA,HGACMPO
HARRIS,48201212400,NA,HGACMPO
HARRIS,48201212500,NA,HGACMPO
HARRIS,48201220100,NA,HGACMPO
HARRIS,48201220200,NA,HGACMPO
HARRIS,48201220300,NA,HGACMPO
HARRIS,48201220400,NA,HGACMPO
HARRIS,48201220500,NA,HGACMPO
HARRIS,48201220600,NA,HGACMPO
HARRIS,48201220701,NA,HGACMPO
HARRIS,48201220702,NA,HGACMPO
HARRIS,48201220800,NA,HGACMPO
HARRIS,48201220900,NA,HGACMPO
HARRIS,48201221000,NA,HGACMPO
HARRIS,48201221100,NA,HGACMPO
HARRIS,48201221200,NA,HGACMPO
HARRIS,48201221301,NA,HGACMPO
HARRIS,48201221302,NA,HGACMPO
HARRIS,48201221400,NA,HGACMPO
HARRIS,48201221501,NA,HGACMPO
HARRIS,48201221502,NA,HGACMPO
HARRIS,48201221601,NA,HGACMPO
HARRIS,48201221602,NA,HGACMPO
HARRIS,48201221701,NA,HGACMPO
HARRIS,48201221702,NA,HGACMPO
HARRIS,48201221800,NA,HGACMPO
HARRIS,48201221900,NA,HGACMPO
HARRIS,48201222000,NA,HGACMPO
HARRIS,48201222100,NA,HGACMPO
HARRIS,48201222200,NA,HGACMPO
HARRIS,48201222300,NA,HGACMPO
HARRIS,48201222401,NA,HGACMPO
HARRIS,48201222402,NA,HGACMPO
HARRIS,48201222501,NA,HGACMPO
HARRIS,48201222502,NA,HGACMPO
HARRIS,48201222504,NA,HGACMPO
HARRIS,48201222505,NA,HGACMPO
HARRIS,48201222601,NA,HGACMPO
HARRIS,48201222602,NA,HGACMPO
HARRIS,48201222701,NA,HGACMPO
HARRIS,48201222702,NA,HGACMPO
HARRIS,48201222800,NA,HGACMPO
HARRIS,48201222900,NA,HGACMPO
HARRIS,48201223001,NA,HGACMPO
HARRIS,48201223002,NA,HGACMPO
HARRIS,48201223100,NA,HGACMPO
HARRIS,48201230100,NA,HGACMPO
HARRIS,48201230200,NA,HGACMPO
HARRIS,48201230300,NA,HGACMPO
HARRIS,48201230400,NA,HGACMPO
HARRIS,48201230500,NA,HGACMPO
HARRIS,48201230600,NA,HGACMPO
HARRIS,48201230700,NA,HGACMPO
HARRIS,48201230800,NA,HGACMPO
HARRIS,48201230900,NA,HGACMPO
HARRIS,48201231000,NA,HGACMPO
HARRIS,48201231100,NA,HGACMPO
HARRIS,48201231200,NA,HGACMPO
HARRIS,48201231300,NA,HGACMPO
HARRIS,48201231400,NA,HGACMPO
HARRIS,48201231500,NA,HGACMPO
HARRIS,48201231600,NA,HGACMPO
HARRIS,48201231700,NA,HGACMPO
HARRIS,48201231800,NA,HGACMPO
HARRIS,48201231900,NA,HGACMPO
HARRIS,48201232000,NA,HGACMPO
HARRIS,48201232100,NA,HGACMPO
HARRIS,48201232201,NA,HGACMPO
HARRIS,48201232202,NA,HGACMPO
HARRIS,48201232203,NA,HGACMPO
HARRIS,48201232303,NA,HGACMPO
HARRIS,48201232304,NA,HGACMPO
HARRIS,48201232305,NA,HGACMPO
HARRIS,48201232306,NA,HGACMPO
HARRIS,48201232402,NA,HGACMPO
HARRIS,48201232403,NA,HGACMPO
HARRIS,48201232404,NA,HGACMPO
HARRIS,48201232405,NA,HGACMPO
HARRIS,48201232500,NA,HGACMPO
HARRIS,48201232600,NA,HGACMPO
HARRIS,48201232701,NA,HGACMPO
HARRIS,48201232703,NA,HGACMPO
HARRIS,48201232704,NA,HGACMPO
HARRIS,48201232801,NA,HGACMPO
HARRIS,48201232802,NA,HGACMPO
HARRIS,48201232901,NA,HGACMPO
HARRIS,48201232902,NA,HGACMPO
HARRIS,48201233001,NA,HGACMPO
HARRIS,48201233002,NA,HGACMPO
HARRIS,48201233003,NA,HGACMPO
HARRIS,48201233101,NA,HGACMPO
HARRIS,48201233103,NA,HGACMPO
HARRIS,48201233104,NA,HGACMPO
HARRIS,48201233105,NA,HGACMPO
HARRIS,48201233200,NA,HGACMPO
HARRIS,48201233300,NA,HGACMPO
HARRIS,48201233400,NA,HGACMPO
HARRIS,48201233501,NA,HGACMPO
HARRIS,48201233502,NA,HGACMPO
HARRIS,48201233600,NA,HGACMPO
HARRIS,48201233701,NA,HGACMPO
HARRIS,48201233702,NA,HGACMPO
HARRIS,48201233703,NA,HGACMPO
HARRIS,48201240101,NA,HGACMPO
HARRIS,48201240102,NA,HGACMPO
HARRIS,48201240400,NA,HGACMPO
HARRIS,48201240503,NA,HGACMPO
HARRIS,48201240504,NA,HGACMPO
HARRIS,48201240505,NA,HGACMPO
HARRIS,48201240506,NA,HGACMPO
HARRIS,48201240600,NA,HGACMPO
HARRIS,48201240703,NA,HGACMPO
HARRIS,48201240704,NA,HGACMPO
HARRIS,48201240705,NA,HGACMPO
HARRIS,48201240706,NA,HGACMPO
HARRIS,48201240707,NA,HGACMPO
HARRIS,48201240802,NA,HGACMPO
HARRIS,48201240803,NA,HGACMPO
HARRIS,48201240804,NA,HGACMPO
HARRIS,48201240903,NA,HGACMPO
HARRIS,48201240904,NA,HGACMPO
HARRIS,48201240905,NA,HGACMPO
HARRIS,48201240906,NA,HGACMPO
HARRIS,48201241001,NA,HGACMPO
HARRIS,48201241002,NA,HGACMPO
HARRIS,48201241101,NA,HGACMPO
HARRIS,48201241103,NA,HGACMPO
HARRIS,48201241104,NA,HGACMPO
HARRIS,48201241105,NA,HGACMPO
HARRIS,48201241201,NA,HGACMPO
HARRIS,48201241202,NA,HGACMPO
HARRIS,48201241301,NA,HGACMPO
HARRIS,48201241302,NA,HGACMPO
HARRIS,48201241400,NA,HGACMPO
HARRIS,48201241501,NA,HGACMPO
HARRIS,48201241502,NA,HGACMPO
HARRIS,48201241503,NA,HGACMPO
HARRIS,48201250101,NA,HGACMPO
HARRIS,48201250102,NA,HGACMPO
HARRIS,48201250201,NA,HGACMPO
HARRIS,48201250202,NA,HGACMPO
HARRIS,48201250303,NA,HGACMPO
HARRIS,48201250304,NA,HGACMPO
HARRIS,48201250305,NA,HGACMPO
HARRIS,48201250306,NA,HGACMPO
HARRIS,48201250403,NA,HGACMPO
HARRIS,48201250404,NA,HGACMPO
HARRIS,48201250405,NA,HGACMPO
HARRIS,48201250406,NA,HGACMPO
HARRIS,48201250407,NA,HGACMPO
HARRIS,48201250408,NA,HGACMPO
HARRIS,48201250500,NA,HGACMPO
HARRIS,48201250601,NA,HGACMPO
HARRIS,48201250602,NA,HGACMPO
HARRIS,48201250701,NA,HGACMPO
HARRIS,48201250702,NA,HGACMPO
HARRIS,48201250801,NA,HGACMPO
HARRIS,48201250802,NA,HGACMPO
HARRIS,48201250901,NA,HGACMPO
HARRIS,48201250902,NA,HGACMPO
HARRIS,48201251000,NA,HGACMPO
HARRIS,48201251100,NA,HGACMPO
HARRIS,48201251200,NA,HGACMPO
HARRIS,48201251300,NA,HGACMPO
HARRIS,48201251401,NA,HGACMPO
HARRIS,48201251402,NA,HGACMPO
HARRIS,48201251501,NA,HGACMPO
HARRIS,48201251503,NA,HGACMPO
HARRIS,48201251504,NA,HGACMPO
HARRIS,48201251505,NA,HGACMPO
HARRIS,48201251600,NA,HGACMPO
HARRIS,48201251701,NA,HGACMPO
HARRIS,48201251702,NA,HGACMPO
HARRIS,48201251800,NA,HGACMPO
HARRIS,48201251902,NA,HGACMPO
HARRIS,48201251903,NA,HGACMPO
HARRIS,48201251904,NA,HGACMPO
HARRIS,48201252001,NA,HGACMPO
HARRIS,48201252002,NA,HGACMPO
HARRIS,48201252003,NA,HGACMPO
HARRIS,48201252100,NA,HGACMPO
HARRIS,48201252201,NA,HGACMPO
HARRIS,48201252202,NA,HGACMPO
HARRIS,48201252303,NA,HGACMPO
HARRIS,48201252304,NA,HGACMPO
HARRIS,48201252305,NA,HGACMPO
HARRIS,48201252306,NA,HGACMPO
HARRIS,48201252400,NA,HGACMPO
HARRIS,48201252500,NA,HGACMPO
HARRIS,48201252601,NA,HGACMPO
HARRIS,48201252602,NA,HGACMPO
HARRIS,48201252700,NA,HGACMPO
HARRIS,48201252800,NA,HGACMPO
HARRIS,48201252901,NA,HGACMPO
HARRIS,48201252902,NA,HGACMPO
HARRIS,48201253000,NA,HGACMPO
HARRIS,48201253101,NA,HGACMPO
HARRIS,48201253102,NA,HGACMPO
HARRIS,48201253201,NA,HGACMPO
HARRIS,48201253202,NA,HGACMPO
HARRIS,48201253300,NA,HGACMPO
HARRIS,48201253501,NA,HGACMPO
HARRIS,48201253502,NA,HGACMPO
HARRIS,48201253601,NA,HGACMPO
HARRIS,48201253602,NA,HGACMPO
HARRIS,48201253700,NA,HGACMPO
HARRIS,48201253800,NA,HGACMPO
HARRIS,48201253900,NA,HGACMPO
HARRIS,48201254000,NA,HGACMPO
HARRIS,48201254100,NA,HGACMPO
HARRIS,48201254200,NA,HGACMPO
HARRIS,48201254300,NA,HGACMPO
HARRIS,48201254400,NA,HGACMPO
HARRIS,48201254600,NA,HGACMPO
HARRIS,48201254700,NA,HGACMPO
HARRIS,48201254800,NA,HGACMPO
HARRIS,48201310101,NA,HGACMPO
HARRIS,48201310102,NA,HGACMPO
HARRIS,48201310200,NA,HGACMPO
HARRIS,48201310300,NA,HGACMPO
HARRIS,48201310400,NA,HGACMPO
HARRIS,48201310500,NA,HGACMPO
HARRIS,48201310600,NA,HGACMPO
HARRIS,48201310700,NA,HGACMPO
HARRIS,48201310800,NA,HGACMPO
HARRIS,48201310900,NA,HGACMPO
HARRIS,48201311001,NA,HGACMPO
HARRIS,48201311002,NA,HGACMPO
HARRIS,48201311100,NA,HGACMPO
HARRIS,48201311200,NA,HGACMPO
HARRIS,48201311300,NA,HGACMPO
HARRIS,48201311400,NA,HGACMPO
HARRIS,48201311501,NA,HGACMPO
HARRIS,48201311502,NA,HGACMPO
HARRIS,48201311600,NA,HGACMPO
HARRIS,48201311701,NA,HGACMPO
HARRIS,48201311702,NA,HGACMPO
HARRIS,48201311800,NA,HGACMPO
HARRIS,48201311900,NA,HGACMPO
HARRIS,48201312000,NA,HGACMPO
HARRIS,48201312200,NA,HGACMPO
HARRIS,48201312300,NA,HGACMPO
HARRIS,48201312400,NA,HGACMPO
HARRIS,48201312501,NA,HGACMPO
HARRIS,48201312502,NA,HGACMPO
HARRIS,48201312601,NA,HGACMPO
HARRIS,48201312602,NA,HGACMPO
HARRIS,48201312603,NA,HGACMPO
HARRIS,48201312700,NA,HGACMPO
HARRIS,48201312800,NA,HGACMPO
HARRIS,48201312901,NA,HGACMPO
HARRIS,48201312902,NA,HGACMPO
HARRIS,48201313000,NA,HGACMPO
HARRIS,48201313101,NA,HGACMPO
HARRIS,48201313102,NA,HGACMPO
HARRIS,48201313201,NA,HGACMPO
HARRIS,48201313202,NA,HGACMPO
HARRIS,48201313300,NA,HGACMPO
HARRIS,48201313400,NA,HGACMPO
HARRIS,48201313500,NA,HGACMPO
HARRIS,48201313600,NA,HGACMPO
HARRIS,48201313700,NA,HGACMPO
HARRIS,48201313801,NA,HGACMPO
HARRIS,48201313802,NA,HGACMPO
HARRIS,48201313901,NA,HGACMPO
HARRIS,48201313902,NA,HGACMPO
HARRIS,48201314001,NA,HGACMPO
HARRIS,48201314003,NA,HGACMPO
HARRIS,48201314004,NA,HGACMPO
HARRIS,48201314005,NA,HGACMPO
HARRIS,48201314301,NA,HGACMPO
HARRIS,48201314302,NA,HGACMPO
HARRIS,48201314401,NA,HGACMPO
HARRIS,48201314402,NA,HGACMPO
HARRIS,48201320100,NA,HGACMPO
HARRIS,48201320201,NA,HGACMPO
HARRIS,48201320202,NA,HGACMPO
HARRIS,48201320500,NA,HGACMPO
HARRIS,48201320601,NA,HGACMPO
HARRIS,48201320602,NA,HGACMPO
HARRIS,48201320700,NA,HGACMPO
HARRIS,48201320800,NA,HGACMPO
HARRIS,48201320901,NA,HGACMPO
HARRIS,48201320902,NA,HGACMPO
HARRIS,48201321001,NA,HGACMPO
HARRIS,48201321002,NA,HGACMPO
HARRIS,48201321101,NA,HGACMPO
HARRIS,48201321102,NA,HGACMPO
HARRIS,48201321200,NA,HGACMPO
HARRIS,48201321301,NA,HGACMPO
HARRIS,48201321302,NA,HGACMPO
HARRIS,48201321401,NA,HGACMPO
HARRIS,48201321402,NA,HGACMPO
HARRIS,48201321500,NA,HGACMPO
HARRIS,48201321600,NA,HGACMPO
HARRIS,48201321700,NA,HGACMPO
HARRIS,48201321800,NA,HGACMPO
HARRIS,48201321900,NA,HGACMPO
HARRIS,48201322000,NA,HGACMPO
HARRIS,48201322100,NA,HGACMPO
HARRIS,48201322200,NA,HGACMPO
HARRIS,48201322600,NA,HGACMPO
HARRIS,48201322701,NA,HGACMPO
HARRIS,48201322702,NA,HGACMPO
HARRIS,48201322800,NA,HGACMPO
HARRIS,48201322900,NA,HGACMPO
HARRIS,48201323000,NA,HGACMPO
HARRIS,48201323100,NA,HGACMPO
HARRIS,48201323200,NA,HGACMPO
HARRIS,48201323300,NA,HGACMPO
HARRIS,48201323400,NA,HGACMPO
HARRIS,48201323500,NA,HGACMPO
HARRIS,48201323601,NA,HGACMPO
HARRIS,48201323602,NA,HGACMPO
HARRIS,48201323701,NA,HGACMPO
HARRIS,48201323702,NA,HGACMPO
HARRIS,48201323801,NA,HGACMPO
HARRIS,48201323802,NA,HGACMPO
HARRIS,48201323900,NA,HGACMPO
HARRIS,48201324000,NA,HGACMPO
HARRIS,48201324101,NA,HGACMPO
HARRIS,48201324102,NA,HGACMPO
HARRIS,48201324200,NA,HGACMPO
HARRIS,48201330101,NA,HGACMPO
HARRIS,48201330102,NA,HGACMPO
HARRIS,48201330200,NA,HGACMPO
HARRIS,48201330301,NA,HGACMPO
HARRIS,48201330302,NA,HGACMPO
HARRIS,48201330303,NA,HGACMPO
HARRIS,48201330400,NA,HGACMPO
HARRIS,48201330500,NA,HGACMPO
HARRIS,48201330600,NA,HGACMPO
HARRIS,48201330700,NA,HGACMPO
HARRIS,48201330801,NA,HGACMPO
HARRIS,48201330802,NA,HGACMPO
HARRIS,48201330901,NA,HGACMPO
HARRIS,48201330902,NA,HGACMPO
HARRIS,48201331100,NA,HGACMPO
HARRIS,48201331200,NA,HGACMPO
HARRIS,48201331300,NA,HGACMPO
HARRIS,48201331400,NA,HGACMPO
HARRIS,48201331501,NA,HGACMPO
HARRIS,48201331502,NA,HGACMPO
HARRIS,48201331602,NA,HGACMPO
HARRIS,48201331603,NA,HGACMPO
HARRIS,48201331604,NA,HGACMPO
HARRIS,48201331700,NA,HGACMPO
HARRIS,48201331800,NA,HGACMPO
HARRIS,48201331900,NA,HGACMPO
HARRIS,48201332000,NA,HGACMPO
HARRIS,48201332100,NA,HGACMPO
HARRIS,48201332200,NA,HGACMPO
HARRIS,48201332300,NA,HGACMPO
HARRIS,48201332400,NA,HGACMPO
HARRIS,48201332500,NA,HGACMPO
HARRIS,48201332600,NA,HGACMPO
HARRIS,48201332700,NA,HGACMPO
HARRIS,48201332800,NA,HGACMPO
HARRIS,48201332900,NA,HGACMPO
HARRIS,48201333000,NA,HGACMPO
HARRIS,48201333100,NA,HGACMPO
HARRIS,48201333201,NA,HGACMPO
HARRIS,48201333203,NA,HGACMPO
HARRIS,48201333204,NA,HGACMPO
HARRIS,48201333205,NA,HGACMPO
HARRIS,48201333301,NA,HGACMPO
HARRIS,48201333302,NA,HGACMPO
HARRIS,48201333501,NA,HGACMPO
HARRIS,48201333502,NA,HGACMPO
HARRIS,48201333600,NA,HGACMPO
HARRIS,48201333700,NA,HGACMPO
HARRIS,48201333801,NA,HGACMPO
HARRIS,48201333802,NA,HGACMPO
HARRIS,48201333903,NA,HGACMPO
HARRIS,48201333904,NA,HGACMPO
HARRIS,48201333905,NA,HGACMPO
HARRIS,48201333906,NA,HGACMPO
HARRIS,48201334001,NA,HGACMPO
HARRIS,48201334002,NA,HGACMPO
HARRIS,48201334003,NA,HGACMPO
HARRIS,48201334101,NA,HGACMPO
HARRIS,48201334102,NA,HGACMPO
HARRIS,48201340101,NA,HGACMPO
HARRIS,48201340102,NA,HGACMPO
HARRIS,48201340201,NA,HGACMPO
HARRIS,48201340202,NA,HGACMPO
HARRIS,48201340203,NA,HGACMPO
HARRIS,48201340301,NA,HGACMPO
HARRIS,48201340302,NA,HGACMPO
HARRIS,48201340400,NA,HGACMPO
HARRIS,48201340501,NA,HGACMPO
HARRIS,48201340502,NA,HGACMPO
HARRIS,48201340600,NA,HGACMPO
HARRIS,48201340701,NA,HGACMPO
HARRIS,48201340702,NA,HGACMPO
HARRIS,48201340800,NA,HGACMPO
HARRIS,48201340900,NA,HGACMPO
HARRIS,48201341001,NA,HGACMPO
HARRIS,48201341002,NA,HGACMPO
HARRIS,48201341101,NA,HGACMPO
HARRIS,48201341102,NA,HGACMPO
HARRIS,48201341201,NA,HGACMPO
HARRIS,48201341203,NA,HGACMPO
HARRIS,48201341204,NA,HGACMPO
HARRIS,48201341302,NA,HGACMPO
HARRIS,48201341303,NA,HGACMPO
HARRIS,48201341304,NA,HGACMPO
HARRIS,48201341400,NA,HGACMPO
HARRIS,48201341501,NA,HGACMPO
HARRIS,48201341502,NA,HGACMPO
HARRIS,48201341600,NA,HGACMPO
HARRIS,48201341700,NA,HGACMPO
HARRIS,48201341800,NA,HGACMPO
HARRIS,48201342001,NA,HGACMPO
HARRIS,48201342002,NA,HGACMPO
HARRIS,48201342100,NA,HGACMPO
HARRIS,48201342200,NA,HGACMPO
HARRIS,48201342300,NA,HGACMPO
HARRIS,48201342400,NA,HGACMPO
HARRIS,48201342500,NA,HGACMPO
HARRIS,48201342700,NA,HGACMPO
HARRIS,48201342801,NA,HGACMPO
HARRIS,48201342802,NA,HGACMPO
HARRIS,48201342900,NA,HGACMPO
HARRIS,48201343000,NA,HGACMPO
HARRIS,48201343100,NA,HGACMPO
HARRIS,48201343200,NA,HGACMPO
HARRIS,48201343301,NA,HGACMPO
HARRIS,48201343302,NA,HGACMPO
HARRIS,48201343601,NA,HGACMPO
HARRIS,48201343602,NA,HGACMPO
HARRIS,48201343700,NA,HGACMPO
HARRIS,48201350101,NA,HGACMPO
HARRIS,48201350102,NA,HGACMPO
HARRIS,48201350103,NA,HGACMPO
HARRIS,48201350104,NA,HGACMPO
HARRIS,48201350201,NA,HGACMPO
HARRIS,48201350202,NA,HGACMPO
HARRIS,48201350300,NA,HGACMPO
HARRIS,48201350400,NA,HGACMPO
HARRIS,48201350500,NA,HGACMPO
HARRIS,48201350601,NA,HGACMPO
HARRIS,48201350603,NA,HGACMPO
HARRIS,48201350604,NA,HGACMPO
HARRIS,48201350700,NA,HGACMPO
HARRIS,48201350801,NA,HGACMPO
HARRIS,48201350803,NA,HGACMPO
HARRIS,48201350804,NA,HGACMPO
HARRIS,48201410101,NA,HGACMPO
HARRIS,48201410102,NA,HGACMPO
HARRIS,48201410201,NA,HGACMPO
HARRIS,48201410202,NA,HGACMPO
HARRIS,48201410300,NA,HGACMPO
HARRIS,48201410401,NA,HGACMPO
HARRIS,48201410402,NA,HGACMPO
HARRIS,48201410501,NA,HGACMPO
HARRIS,48201410502,NA,HGACMPO
HARRIS,48201410601,NA,HGACMPO
HARRIS,48201410602,NA,HGACMPO
HARRIS,48201410703,NA,HGACMPO
HARRIS,48201410704,NA,HGACMPO
HARRIS,48201410705,NA,HGACMPO
HARRIS,48201410706,NA,HGACMPO
HARRIS,48201410801,NA,HGACMPO
HARRIS,48201410802,NA,HGACMPO
HARRIS,48201410900,NA,HGACMPO
HARRIS,48201411001,NA,HGACMPO
HARRIS,48201411002,NA,HGACMPO
HARRIS,48201411003,NA,HGACMPO
HARRIS,48201411100,NA,HGACMPO
HARRIS,48201411200,NA,HGACMPO
HARRIS,48201411301,NA,HGACMPO
HARRIS,48201411302,NA,HGACMPO
HARRIS,48201411400,NA,HGACMPO
HARRIS,48201411503,NA,HGACMPO
HARRIS,48201411504,NA,HGACMPO
HARRIS,48201411505,NA,HGACMPO
HARRIS,48201411506,NA,HGACMPO
HARRIS,48201411507,NA,HGACMPO
HARRIS,48201411600,NA,HGACMPO
HARRIS,48201411700,NA,HGACMPO
HARRIS,48201411801,NA,HGACMPO
HARRIS,48201411802,NA,HGACMPO
HARRIS,48201411901,NA,HGACMPO
HARRIS,48201411902,NA,HGACMPO
HARRIS,48201412000,NA,HGACMPO
HARRIS,48201412201,NA,HGACMPO
HARRIS,48201412202,NA,HGACMPO
HARRIS,48201412300,NA,HGACMPO
HARRIS,48201412400,NA,HGACMPO
HARRIS,48201412500,NA,HGACMPO
HARRIS,48201412600,NA,HGACMPO
HARRIS,48201412700,NA,HGACMPO
HARRIS,48201412800,NA,HGACMPO
HARRIS,48201412901,NA,HGACMPO
HARRIS,48201412902,NA,HGACMPO
HARRIS,48201413000,NA,HGACMPO
HARRIS,48201413100,NA,HGACMPO
HARRIS,48201413203,NA,HGACMPO
HARRIS,48201413204,NA,HGACMPO
HARRIS,48201413205,NA,HGACMPO
HARRIS,48201413206,NA,HGACMPO
HARRIS,48201413301,NA,HGACMPO
HARRIS,48201413302,NA,HGACMPO
HARRIS,48201420100,NA,HGACMPO
HARRIS,48201420200,NA,HGACMPO
HARRIS,48201420300,NA,HGACMPO
HARRIS,48201420400,NA,HGACMPO
HARRIS,48201420500,NA,HGACMPO
HARRIS,48201420600,NA,HGACMPO
HARRIS,48201420700,NA,HGACMPO
HARRIS,48201420800,NA,HGACMPO
HARRIS,48201420900,NA,HGACMPO
HARRIS,48201421000,NA,HGACMPO
HARRIS,48201421101,NA,HGACMPO
HARRIS,48201421103,NA,HGACMPO
HARRIS,48201421104,NA,HGACMPO
HARRIS,48201421203,NA,HGACMPO
HARRIS,48201421204,NA,HGACMPO
HARRIS,48201421205,NA,HGACMPO
HARRIS,48201421206,NA,HGACMPO
HARRIS,48201421301,NA,HGACMPO
HARRIS,48201421302,NA,HGACMPO
HARRIS,48201421401,NA,HGACMPO
HARRIS,48201421402,NA,HGACMPO
HARRIS,48201421403,NA,HGACMPO
HARRIS,48201421501,NA,HGACMPO
HARRIS,48201421502,NA,HGACMPO
HARRIS,48201421601,NA,HGACMPO
HARRIS,48201421602,NA,HGACMPO
HARRIS,48201421700,NA,HGACMPO
HARRIS,48201421801,NA,HGACMPO
HARRIS,48201421802,NA,HGACMPO
HARRIS,48201421900,NA,HGACMPO
HARRIS,48201422000,NA,HGACMPO
HARRIS,48201422100,NA,HGACMPO
HARRIS,48201422200,NA,HGACMPO
HARRIS,48201422302,NA,HGACMPO
HARRIS,48201422303,NA,HGACMPO
HARRIS,48201422304,NA,HGACMPO
HARRIS,48201422403,NA,HGACMPO
HARRIS,48201422404,NA,HGACMPO
HARRIS,48201422405,NA,HGACMPO
HARRIS,48201422406,NA,HGACMPO
HARRIS,48201422501,NA,HGACMPO
HARRIS,48201422502,NA,HGACMPO
HARRIS,48201422601,NA,HGACMPO
HARRIS,48201422602,NA,HGACMPO
HARRIS,48201422701,NA,HGACMPO
HARRIS,48201422702,NA,HGACMPO
HARRIS,48201422800,NA,HGACMPO
HARRIS,48201422900,NA,HGACMPO
HARRIS,48201423001,NA,HGACMPO
HARRIS,48201423002,NA,HGACMPO
HARRIS,48201423100,NA,HGACMPO
HARRIS,48201423201,NA,HGACMPO
HARRIS,48201423203,NA,HGACMPO
HARRIS,48201423204,NA,HGACMPO
HARRIS,48201423301,NA,HGACMPO
HARRIS,48201423303,NA,HGACMPO
HARRIS,48201423304,NA,HGACMPO
HARRIS,48201423401,NA,HGACMPO
HARRIS,48201423402,NA,HGACMPO
HARRIS,48201423500,NA,HGACMPO
HARRIS,48201423600,NA,HGACMPO
HARRIS,48201430101,NA,HGACMPO
HARRIS,48201430102,NA,HGACMPO
HARRIS,48201430200,NA,HGACMPO
HARRIS,48201430300,NA,HGACMPO
HARRIS,48201430400,NA,HGACMPO
HARRIS,48201430500,NA,HGACMPO
HARRIS,48201430600,NA,HGACMPO
HARRIS,48201430700,NA,HGACMPO
HARRIS,48201430800,NA,HGACMPO
HARRIS,48201430900,NA,HGACMPO
HARRIS,48201431001,NA,HGACMPO
HARRIS,48201431002,NA,HGACMPO
HARRIS,48201431101,NA,HGACMPO
HARRIS,48201431102,NA,HGACMPO
HARRIS,48201431203,NA,HGACMPO
HARRIS,48201431204,NA,HGACMPO
HARRIS,48201431205,NA,HGACMPO
HARRIS,48201431206,NA,HGACMPO
HARRIS,48201431302,NA,HGACMPO
HARRIS,48201431303,NA,HGACMPO
HARRIS,48201431304,NA,HGACMPO
HARRIS,48201431401,NA,HGACMPO
HARRIS,48201431403,NA,HGACMPO
HARRIS,48201431404,NA,HGACMPO
HARRIS,48201431503,NA,HGACMPO
HARRIS,48201431504,NA,HGACMPO
HARRIS,48201431505,NA,HGACMPO
HARRIS,48201431506,NA,HGACMPO
HARRIS,48201431600,NA,HGACMPO
HARRIS,48201431701,NA,HGACMPO
HARRIS,48201431702,NA,HGACMPO
HARRIS,48201431801,NA,HGACMPO
HARRIS,48201431803,NA,HGACMPO
HARRIS,48201431804,NA,HGACMPO
HARRIS,48201431901,NA,HGACMPO
HARRIS,48201431902,NA,HGACMPO
HARRIS,48201432003,NA,HGACMPO
HARRIS,48201432004,NA,HGACMPO
HARRIS,48201432005,NA,HGACMPO
HARRIS,48201432006,NA,HGACMPO
HARRIS,48201432101,NA,HGACMPO
HARRIS,48201432102,NA,HGACMPO
HARRIS,48201432200,NA,HGACMPO
HARRIS,48201432301,NA,HGACMPO
HARRIS,48201432302,NA,HGACMPO
HARRIS,48201432303,NA,HGACMPO
HARRIS,48201432401,NA,HGACMPO
HARRIS,48201432402,NA,HGACMPO
HARRIS,48201432501,NA,HGACMPO
HARRIS,48201432502,NA,HGACMPO
HARRIS,48201432600,NA,HGACMPO
HARRIS,48201432703,NA,HGACMPO
HARRIS,48201432704,NA,HGACMPO
HARRIS,48201432705,NA,HGACMPO
HARRIS,48201432706,NA,HGACMPO
HARRIS,48201432803,NA,HGACMPO
HARRIS,48201432804,NA,HGACMPO
HARRIS,48201432805,NA,HGACMPO
HARRIS,48201432806,NA,HGACMPO
HARRIS,48201432901,NA,HGACMPO
HARRIS,48201432903,NA,HGACMPO
HARRIS,48201432904,NA,HGACMPO
HARRIS,48201433003,NA,HGACMPO
HARRIS,48201433004,NA,HGACMPO
HARRIS,48201433005,NA,HGACMPO
HARRIS,48201433006,NA,HGACMPO
HARRIS,48201433007,NA,HGACMPO
HARRIS,48201433100,NA,HGACMPO
HARRIS,48201433201,NA,HGACMPO
HARRIS,48201433202,NA,HGACMPO
HARRIS,48201433300,NA,HGACMPO
HARRIS,48201433400,NA,HGACMPO
HARRIS,48201433503,NA,HGACMPO
HARRIS,48201433504,NA,HGACMPO
HARRIS,48201433505,NA,HGACMPO
HARRIS,48201433506,NA,HGACMPO
HARRIS,48201433507,NA,HGACMPO
HARRIS,48201433601,NA,HGACMPO
HARRIS,48201433602,NA,HGACMPO
HARRIS,48201440101,NA,HGACMPO
HARRIS,48201440102,NA,HGACMPO
HARRIS,48201450100,NA,HGACMPO
HARRIS,48201450200,NA,HGACMPO
HARRIS,48201450301,NA,HGACMPO
HARRIS,48201450302,NA,HGACMPO
HARRIS,48201450401,NA,HGACMPO
HARRIS,48201450402,NA,HGACMPO
HARRIS,48201450500,NA,HGACMPO
HARRIS,48201450600,NA,HGACMPO
HARRIS,48201450700,NA,HGACMPO
HARRIS,48201450801,NA,HGACMPO
HARRIS,48201450803,NA,HGACMPO
HARRIS,48201450804,NA,HGACMPO
HARRIS,48201450900,NA,HGACMPO
HARRIS,48201451003,NA,HGACMPO
HARRIS,48201451004,NA,HGACMPO
HARRIS,48201451005,NA,HGACMPO
HARRIS,48201451006,NA,HGACMPO
HARRIS,48201451100,NA,HGACMPO
HARRIS,48201451200,NA,HGACMPO
HARRIS,48201451301,NA,HGACMPO
HARRIS,48201451302,NA,HGACMPO
HARRIS,48201451401,NA,HGACMPO
HARRIS,48201451404,NA,HGACMPO
HARRIS,48201451405,NA,HGACMPO
HARRIS,48201451406,NA,HGACMPO
HARRIS,48201451407,NA,HGACMPO
HARRIS,48201451501,NA,HGACMPO
HARRIS,48201451502,NA,HGACMPO
HARRIS,48201451603,NA,HGACMPO
HARRIS,48201451604,NA,HGACMPO
HARRIS,48201451605,NA,HGACMPO
HARRIS,48201451606,NA,HGACMPO
HARRIS,48201451700,NA,HGACMPO
HARRIS,48201451800,NA,HGACMPO
HARRIS,48201451902,NA,HGACMPO
HARRIS,48201451903,NA,HGACMPO
HARRIS,48201451904,NA,HGACMPO
HARRIS,48201452001,NA,HGACMPO
HARRIS,48201452002,NA,HGACMPO
HARRIS,48201452101,NA,HGACMPO
HARRIS,48201452102,NA,HGACMPO
HARRIS,48201452103,NA,HGACMPO
HARRIS,48201452202,NA,HGACMPO
HARRIS,48201452203,NA,HGACMPO
HARRIS,48201452204,NA,HGACMPO
HARRIS,48201452300,NA,HGACMPO
HARRIS,48201452401,NA,HGACMPO
HARRIS,48201452402,NA,HGACMPO
HARRIS,48201452501,NA,HGACMPO
HARRIS,48201452502,NA,HGACMPO
HARRIS,48201452601,NA,HGACMPO
HARRIS,48201452602,NA,HGACMPO
HARRIS,48201452701,NA,HGACMPO
HARRIS,48201452702,NA,HGACMPO
HARRIS,48201452703,NA,HGACMPO
HARRIS,48201452801,NA,HGACMPO
HARRIS,48201452802,NA,HGACMPO
HARRIS,48201452900,NA,HGACMPO
HARRIS,48201453001,NA,HGACMPO
HARRIS,48201453002,NA,HGACMPO
HARRIS,48201453100,NA,HGACMPO
HARRIS,48201453201,NA,HGACMPO
HARRIS,48201453202,NA,HGACMPO
HARRIS,48201453300,NA,HGACMPO
HARRIS,48201453401,NA,HGACMPO
HARRIS,48201453403,NA,HGACMPO
HARRIS,48201453404,NA,HGACMPO
HARRIS,48201453405,NA,HGACMPO
HARRIS,48201453501,NA,HGACMPO
HARRIS,48201453502,NA,HGACMPO
HARRIS,48201453601,NA,HGACMPO
HARRIS,48201453603,NA,HGACMPO
HARRIS,48201453604,NA,HGACMPO
HARRIS,48201453701,NA,HGACMPO
HARRIS,48201453702,NA,HGACMPO
HARRIS,48201453800,NA,HGACMPO
HARRIS,48201453901,NA,HGACMPO
HARRIS,48201453902,NA,HGACMPO
HARRIS,48201454000,NA,HGACMPO
HARRIS,48201454100,NA,HGACMPO
HARRIS,48201454200,NA,HGACMPO
HARRIS,48201454302,NA,HGACMPO
HARRIS,48201454303,NA,HGACMPO
HARRIS,48201454304,NA,HGACMPO
HARRIS,48201454305,NA,HGACMPO
HARRIS,48201454400,NA,HGACMPO
HARRIS,48201454502,NA,HGACMPO
HARRIS,48201454503,NA,HGACMPO
HARRIS,48201454504,NA,HGACMPO
HARRIS,48201454505,NA,HGACMPO
HARRIS,48201454600,NA,HGACMPO
HARRIS,48201454700,NA,HGACMPO
HARRIS,48201454801,NA,HGACMPO
HARRIS,48201454802,NA,HGACMPO
HARRIS,48201454901,NA,HGACMPO
HARRIS,48201454902,NA,HGACMPO
HARRIS,48201455000,NA,HGACMPO
HARRIS,48201455102,NA,HGACMPO
HARRIS,48201455103,NA,HGACMPO
HARRIS,48201455104,NA,HGACMPO
HARRIS,48201455200,NA,HGACMPO
HARRIS,48201455300,NA,HGACMPO
HARRIS,48201510100,NA,HGACMPO
HARRIS,48201510201,NA,HGACMPO
HARRIS,48201510202,NA,HGACMPO
HARRIS,48201510301,NA,HGACMPO
HARRIS,48201510302,NA,HGACMPO
HARRIS,48201510400,NA,HGACMPO
HARRIS,48201510500,NA,HGACMPO
HARRIS,48201510601,NA,HGACMPO
HARRIS,48201510602,NA,HGACMPO
HARRIS,48201510701,NA,HGACMPO
HARRIS,48201510702,NA,HGACMPO
HARRIS,48201510801,NA,HGACMPO
HARRIS,48201510802,NA,HGACMPO
HARRIS,48201510803,NA,HGACMPO
HARRIS,48201510901,NA,HGACMPO
HARRIS,48201510902,NA,HGACMPO
HARRIS,48201511001,NA,HGACMPO
HARRIS,48201511003,NA,HGACMPO
HARRIS,48201511004,NA,HGACMPO
HARRIS,48201511100,NA,HGACMPO
HARRIS,48201511201,NA,HGACMPO
HARRIS,48201511202,NA,HGACMPO
HARRIS,48201511301,NA,HGACMPO
HARRIS,48201511302,NA,HGACMPO
HARRIS,48201511400,NA,HGACMPO
HARRIS,48201511501,NA,HGACMPO
HARRIS,48201511502,NA,HGACMPO
HARRIS,48201511600,NA,HGACMPO
HARRIS,48201520100,NA,HGACMPO
HARRIS,48201520200,NA,HGACMPO
HARRIS,48201520301,NA,HGACMPO
HARRIS,48201520302,NA,HGACMPO
HARRIS,48201520400,NA,HGACMPO
HARRIS,48201520501,NA,HGACMPO
HARRIS,48201520502,NA,HGACMPO
HARRIS,48201520601,NA,HGACMPO
HARRIS,48201520603,NA,HGACMPO
HARRIS,48201520604,NA,HGACMPO
HARRIS,48201520700,NA,HGACMPO
HARRIS,48201521000,NA,HGACMPO
HARRIS,48201521100,NA,HGACMPO
HARRIS,48201521201,NA,HGACMPO
HARRIS,48201521202,NA,HGACMPO
HARRIS,48201521300,NA,HGACMPO
HARRIS,48201521401,NA,HGACMPO
HARRIS,48201521402,NA,HGACMPO
HARRIS,48201521501,NA,HGACMPO
HARRIS,48201521502,NA,HGACMPO
HARRIS,48201521600,NA,HGACMPO
HARRIS,48201521701,NA,HGACMPO
HARRIS,48201521702,NA,HGACMPO
HARRIS,48201521800,NA,HGACMPO
HARRIS,48201521900,NA,HGACMPO
HARRIS,48201522001,NA,HGACMPO
HARRIS,48201522002,NA,HGACMPO
HARRIS,48201522101,NA,HGACMPO
HARRIS,48201522102,NA,HGACMPO
HARRIS,48201522201,NA,HGACMPO
HARRIS,48201522202,NA,HGACMPO
HARRIS,48201522301,NA,HGACMPO
HARRIS,48201522302,NA,HGACMPO
HARRIS,48201522401,NA,HGACMPO
HARRIS,48201522402,NA,HGACMPO
HARRIS,48201522500,NA,HGACMPO
HARRIS,48201530101,NA,HGACMPO
HARRIS,48201530102,NA,HGACMPO
HARRIS,48201530200,NA,HGACMPO
HARRIS,48201530300,NA,HGACMPO
HARRIS,48201530400,NA,HGACMPO
HARRIS,48201530501,NA,HGACMPO
HARRIS,48201530502,NA,HGACMPO
HARRIS,48201530600,NA,HGACMPO
HARRIS,48201530701,NA,HGACMPO
HARRIS,48201530702,NA,HGACMPO
HARRIS,48201530800,NA,HGACMPO
HARRIS,48201530900,NA,HGACMPO
HARRIS,48201531000,NA,HGACMPO
HARRIS,48201531100,NA,HGACMPO
HARRIS,48201531200,NA,HGACMPO
HARRIS,48201531300,NA,HGACMPO
HARRIS,48201531400,NA,HGACMPO
HARRIS,48201531500,NA,HGACMPO
HARRIS,48201531600,NA,HGACMPO
HARRIS,48201531700,NA,HGACMPO
HARRIS,48201531800,NA,HGACMPO
HARRIS,48201531900,NA,HGACMPO
HARRIS,48201532003,NA,HGACMPO
HARRIS,48201532004,NA,HGACMPO
HARRIS,48201532101,NA,HGACMPO
HARRIS,48201532102,NA,HGACMPO
HARRIS,48201532200,NA,HGACMPO
HARRIS,48201532301,NA,HGACMPO
HARRIS,48201532302,NA,HGACMPO
HARRIS,48201532400,NA,HGACMPO
HARRIS,48201532502,NA,HGACMPO
HARRIS,48201532503,NA,HGACMPO
HARRIS,48201532504,NA,HGACMPO
HARRIS,48201532600,NA,HGACMPO
HARRIS,48201532700,NA,HGACMPO
HARRIS,48201532800,NA,HGACMPO
HARRIS,48201532900,NA,HGACMPO
HARRIS,48201533000,NA,HGACMPO
HARRIS,48201533100,NA,HGACMPO
HARRIS,48201533200,NA,HGACMPO
HARRIS,48201533301,NA,HGACMPO
HARRIS,48201533302,NA,HGACMPO
HARRIS,48201533401,NA,HGACMPO
HARRIS,48201533402,NA,HGACMPO
HARRIS,48201533500,NA,HGACMPO
HARRIS,48201533600,NA,HGACMPO
HARRIS,48201533701,NA,HGACMPO
HARRIS,48201533702,NA,HGACMPO
HARRIS,48201533802,NA,HGACMPO
HARRIS,48201533803,NA,HGACMPO
HARRIS,48201533804,NA,HGACMPO
HARRIS,48201533902,NA,HGACMPO
HARRIS,48201533903,NA,HGACMPO
HARRIS,48201533904,NA,HGACMPO
HARRIS,48201534001,NA,HGACMPO
HARRIS,48201534002,NA,HGACMPO
HARRIS,48201534003,NA,HGACMPO
HARRIS,48201534101,NA,HGACMPO
HARRIS,48201534102,NA,HGACMPO
HARRIS,48201534201,NA,HGACMPO
HARRIS,48201534203,NA,HGACMPO
HARRIS,48201534204,NA,HGACMPO
HARRIS,48201534205,NA,HGACMPO
HARRIS,48201540101,NA,HGACMPO
HARRIS,48201540102,NA,HGACMPO
HARRIS,48201540200,NA,HGACMPO
HARRIS,48201540502,NA,HGACMPO
HARRIS,48201540503,NA,HGACMPO
HARRIS,48201540504,NA,HGACMPO
HARRIS,48201540601,NA,HGACMPO
HARRIS,48201540602,NA,HGACMPO
HARRIS,48201540700,NA,HGACMPO
HARRIS,48201540800,NA,HGACMPO
HARRIS,48201540901,NA,HGACMPO
HARRIS,48201540903,NA,HGACMPO
HARRIS,48201540904,NA,HGACMPO
HARRIS,48201541004,NA,HGACMPO
HARRIS,48201541005,NA,HGACMPO
HARRIS,48201541006,NA,HGACMPO
HARRIS,48201541007,NA,HGACMPO
HARRIS,48201541008,NA,HGACMPO
HARRIS,48201541009,NA,HGACMPO
HARRIS,48201541100,NA,HGACMPO
HARRIS,48201541203,NA,HGACMPO
HARRIS,48201541204,NA,HGACMPO
HARRIS,48201541205,NA,HGACMPO
HARRIS,48201541206,NA,HGACMPO
HARRIS,48201541207,NA,HGACMPO
HARRIS,48201541301,NA,HGACMPO
HARRIS,48201541302,NA,HGACMPO
HARRIS,48201541401,NA,HGACMPO
HARRIS,48201541402,NA,HGACMPO
HARRIS,48201541403,NA,HGACMPO
HARRIS,48201541404,NA,HGACMPO
HARRIS,48201541500,NA,HGACMPO
HARRIS,48201541603,NA,HGACMPO
HARRIS,48201541604,NA,HGACMPO
HARRIS,48201541701,NA,HGACMPO
HARRIS,48201541702,NA,HGACMPO
HARRIS,48201541703,NA,HGACMPO
HARRIS,48201541801,NA,HGACMPO
HARRIS,48201541802,NA,HGACMPO
HARRIS,48201541901,NA,HGACMPO
HARRIS,48201541902,NA,HGACMPO
HARRIS,48201542001,NA,HGACMPO
HARRIS,48201542002,NA,HGACMPO
HARRIS,48201542003,NA,HGACMPO
HARRIS,48201542004,NA,HGACMPO
HARRIS,48201542103,NA,HGACMPO
HARRIS,48201542104,NA,HGACMPO
HARRIS,48201542105,NA,HGACMPO
HARRIS,48201542106,NA,HGACMPO
HARRIS,48201542107,NA,HGACMPO
HARRIS,48201542108,NA,HGACMPO
HARRIS,48201542201,NA,HGACMPO
HARRIS,48201542202,NA,HGACMPO
HARRIS,48201542203,NA,HGACMPO
HARRIS,48201542302,NA,HGACMPO
HARRIS,48201542303,NA,HGACMPO
HARRIS,48201542304,NA,HGACMPO
HARRIS,48201542305,NA,HGACMPO
HARRIS,48201542401,NA,HGACMPO
HARRIS,48201542402,NA,HGACMPO
HARRIS,48201542500,NA,HGACMPO
HARRIS,48201542600,NA,HGACMPO
HARRIS,48201542700,NA,HGACMPO
HARRIS,48201542800,NA,HGACMPO
HARRIS,48201542901,NA,HGACMPO
HARRIS,48201542902,NA,HGACMPO
HARRIS,48201543004,NA,HGACMPO
HARRIS,48201543005,NA,HGACMPO
HARRIS,48201543006,NA,HGACMPO
HARRIS,48201543007,NA,HGACMPO
HARRIS,48201543008,NA,HGACMPO
HARRIS,48201543009,NA,HGACMPO
HARRIS,48201543010,NA,HGACMPO
HARRIS,48201543011,NA,HGACMPO
HARRIS,48201543100,NA,HGACMPO
HARRIS,48201543201,NA,HGACMPO
HARRIS,48201543202,NA,HGACMPO
HARRIS,48201550101,NA,HGACMPO
HARRIS,48201550102,NA,HGACMPO
HARRIS,48201550201,NA,HGACMPO
HARRIS,48201550202,NA,HGACMPO
HARRIS,48201550303,NA,HGACMPO
HARRIS,48201550304,NA,HGACMPO
HARRIS,48201550305,NA,HGACMPO
HARRIS,48201550306,NA,HGACMPO
HARRIS,48201550307,NA,HGACMPO
HARRIS,48201550308,NA,HGACMPO
HARRIS,48201550403,NA,HGACMPO
HARRIS,48201550404,NA,HGACMPO
HARRIS,48201550405,NA,HGACMPO
HARRIS,48201550406,NA,HGACMPO
HARRIS,48201550407,NA,HGACMPO
HARRIS,48201550500,NA,HGACMPO
HARRIS,48201550601,NA,HGACMPO
HARRIS,48201550602,NA,HGACMPO
HARRIS,48201550603,NA,HGACMPO
HARRIS,48201550700,NA,HGACMPO
HARRIS,48201550800,NA,HGACMPO
HARRIS,48201550901,NA,HGACMPO
HARRIS,48201550902,NA,HGACMPO
HARRIS,48201551000,NA,HGACMPO
HARRIS,48201551101,NA,HGACMPO
HARRIS,48201551102,NA,HGACMPO
HARRIS,48201551201,NA,HGACMPO
HARRIS,48201551202,NA,HGACMPO
HARRIS,48201551300,NA,HGACMPO
HARRIS,48201551400,NA,HGACMPO
HARRIS,48201551501,NA,HGACMPO
HARRIS,48201551502,NA,HGACMPO
HARRIS,48201551601,NA,HGACMPO
HARRIS,48201551602,NA,HGACMPO
HARRIS,48201551702,NA,HGACMPO
HARRIS,48201551703,NA,HGACMPO
HARRIS,48201551704,NA,HGACMPO
HARRIS,48201551705,NA,HGACMPO
HARRIS,48201551800,NA,HGACMPO
HARRIS,48201551901,NA,HGACMPO
HARRIS,48201551902,NA,HGACMPO
HARRIS,48201552002,NA,HGACMPO
HARRIS,48201552003,NA,HGACMPO
HARRIS,48201552004,NA,HGACMPO
HARRIS,48201552101,NA,HGACMPO
HARRIS,48201552102,NA,HGACMPO
HARRIS,48201552103,NA,HGACMPO
HARRIS,48201552200,NA,HGACMPO
HARRIS,48201552301,NA,HGACMPO
HARRIS,48201552303,NA,HGACMPO
HARRIS,48201552304,NA,HGACMPO
HARRIS,48201552401,NA,HGACMPO
HARRIS,48201552402,NA,HGACMPO
HARRIS,48201552501,NA,HGACMPO
HARRIS,48201552502,NA,HGACMPO
HARRIS,48201552602,NA,HGACMPO
HARRIS,48201552603,NA,HGACMPO
HARRIS,48201552604,NA,HGACMPO
HARRIS,48201552701,NA,HGACMPO
HARRIS,48201552702,NA,HGACMPO
HARRIS,48201552801,NA,HGACMPO
HARRIS,48201552802,NA,HGACMPO
HARRIS,48201552901,NA,HGACMPO
HARRIS,48201552902,NA,HGACMPO
HARRIS,48201553001,NA,HGACMPO
HARRIS,48201553002,NA,HGACMPO
HARRIS,48201553101,NA,HGACMPO
HARRIS,48201553102,NA,HGACMPO
HARRIS,48201553201,NA,HGACMPO
HARRIS,48201553202,NA,HGACMPO
HARRIS,48201553300,NA,HGACMPO
HARRIS,48201553401,NA,HGACMPO
HARRIS,48201553403,NA,HGACMPO
HARRIS,48201553404,NA,HGACMPO
HARRIS,48201553405,NA,HGACMPO
HARRIS,48201553500,NA,HGACMPO
HARRIS,48201553601,NA,HGACMPO
HARRIS,48201553602,NA,HGACMPO
HARRIS,48201553700,NA,HGACMPO
HARRIS,48201553801,NA,HGACMPO
HARRIS,48201553803,NA,HGACMPO
HARRIS,48201553804,NA,HGACMPO
HARRIS,48201553901,NA,HGACMPO
HARRIS,48201554001,NA,HGACMPO
HARRIS,48201554002,NA,HGACMPO
HARRIS,48201554103,NA,HGACMPO
HARRIS,48201554104,NA,HGACMPO
HARRIS,48201554201,NA,HGACMPO
HARRIS,48201554202,NA,HGACMPO
HARRIS,48201554301,NA,HGACMPO
HARRIS,48201554302,NA,HGACMPO
HARRIS,48201554404,NA,HGACMPO
HARRIS,48201554405,NA,HGACMPO
HARRIS,48201554406,NA,HGACMPO
HARRIS,48201554407,NA,HGACMPO
HARRIS,48201554408,NA,HGACMPO
HARRIS,48201554409,NA,HGACMPO
HARRIS,48201554410,NA,HGACMPO
HARRIS,48201554501,NA,HGACMPO
HARRIS,48201554502,NA,HGACMPO
HARRIS,48201554600,NA,HGACMPO
HARRIS,48201554701,NA,HGACMPO
HARRIS,48201554702,NA,HGACMPO
HARRIS,48201554803,NA,HGACMPO
HARRIS,48201554804,NA,HGACMPO
HARRIS,48201554805,NA,HGACMPO
HARRIS,48201554806,NA,HGACMPO
HARRIS,48201554807,NA,HGACMPO
HARRIS,48201554808,NA,HGACMPO
HARRIS,48201554809,NA,HGACMPO
HARRIS,48201554902,NA,HGACMPO
HARRIS,48201554904,NA,HGACMPO
HARRIS,48201554905,NA,HGACMPO
HARRIS,48201554906,NA,HGACMPO
HARRIS,48201554907,NA,HGACMPO
HARRIS,48201554908,NA,HGACMPO
HARRIS,48201555001,NA,HGACMPO
HARRIS,48201555002,NA,HGACMPO
HARRIS,48201555101,NA,HGACMPO
HARRIS,48201555102,NA,HGACMPO
HARRIS,48201555200,NA,HGACMPO
HARRIS,48201555301,NA,HGACMPO
HARRIS,48201555303,NA,HGACMPO
HARRIS,48201555304,NA,HGACMPO
HARRIS,48201555305,NA,HGACMPO
HARRIS,48201555401,NA,HGACMPO
HARRIS,48201555403,NA,HGACMPO
HARRIS,48201555404,NA,HGACMPO
HARRIS,48201555501,NA,HGACMPO
HARRIS,48201555503,NA,HGACMPO
HARRIS,48201555504,NA,HGACMPO
HARRIS,48201555505,NA,HGACMPO
HARRIS,48201555600,NA,HGACMPO
HARRIS,48201555701,NA,HGACMPO
HARRIS,48201555703,NA,HGACMPO
HARRIS,48201555704,NA,HGACMPO
HARRIS,48201556000,NA,HGACMPO
HARRIS,48201556100,NA,HGACMPO
HARRIS,48201980000,NA,HGACMPO
HARRIS,48201980100,NA,HGACMPO
HARRIS,48201980200,NA,HGACMPO
HARRIS,48201980300,NA,HGACMPO
HARRIS,48201980400,NA,HGACMPO
HARRIS,48201980700,NA,HGACMPO
LIBERTY,48291700100,NA,HGACMPO
LIBERTY,48291700200,NA,HGACMPO
LIBERTY,48291700301,NA,HGACMPO
LIBERTY,48291700302,NA,HGACMPO
LIBERTY,48291700303,NA,HGACMPO
LIBERTY,48291700400,NA,HGACMPO
LIBERTY,48291700500,NA,HGACMPO
LIBERTY,48291700600,NA,HGACMPO
LIBERTY,48291700700,NA,HGACMPO
LIBERTY,48291700801,NA,HGACMPO
LIBERTY,48291700802,NA,HGACMPO
LIBERTY,48291700900,NA,HGACMPO
LIBERTY,48291701000,NA,HGACMPO
LIBERTY,48291701100,NA,HGACMPO
LIBERTY,48291701200,NA,HGACMPO
LIBERTY,48291701300,NA,HGACMPO
LIBERTY,48291701400,NA,HGACMPO
MONTGOMERY,48339690101,NA,HGACMPO
MONTGOMERY,48339690102,NA,HGACMPO
MONTGOMERY,48339690203,NA,HGACMPO
MONTGOMERY,48339690204,NA,HGACMPO
MONTGOMERY,48339690205,NA,HGACMPO
MONTGOMERY,48339690206,NA,HGACMPO
MONTGOMERY,48339690207,NA,HGACMPO
MONTGOMERY,48339690300,NA,HGACMPO
MONTGOMERY,48339690403,NA,HGACMPO
MONTGOMERY,48339690404,NA,HGACMPO
MONTGOMERY,48339690405,NA,HGACMPO
MONTGOMERY,48339690406,NA,HGACMPO
MONTGOMERY,48339690407,NA,HGACMPO
MONTGOMERY,48339690408,NA,HGACMPO
MONTGOMERY,48339690501,NA,HGACMPO
MONTGOMERY,48339690502,NA,HGACMPO
MONTGOMERY,48339690503,NA,HGACMPO
MONTGOMERY,48339690603,NA,HGACMPO
MONTGOMERY,48339690604,NA,HGACMPO
MONTGOMERY,48339690605,NA,HGACMPO
MONTGOMERY,48339690606,NA,HGACMPO
MONTGOMERY,48339690607,NA,HGACMPO
MONTGOMERY,48339690608,NA,HGACMPO
MONTGOMERY,48339690609,NA,HGACMPO
MONTGOMERY,48339690610,NA,HGACMPO
MONTGOMERY,48339690701,NA,HGACMPO
MONTGOMERY,48339690702,NA,HGACMPO
MONTGOMERY,48339690800,NA,HGACMPO
MONTGOMERY,48339690900,NA,HGACMPO
MONTGOMERY,48339691000,NA,HGACMPO
MONTGOMERY,48339691100,NA,HGACMPO
MONTGOMERY,48339691201,NA,HGACMPO
MONTGOMERY,48339691202,NA,HGACMPO
MONTGOMERY,48339691301,NA,HGACMPO
MONTGOMERY,48339691302,NA,HGACMPO
MONTGOMERY,48339691401,NA,HGACMPO
MONTGOMERY,48339691402,NA,HGACMPO
MONTGOMERY,48339691403,NA,HGACMPO
MONTGOMERY,48339691500,NA,HGACMPO
MONTGOMERY,48339691601,NA,HGACMPO
MONTGOMERY,48339691602,NA,HGACMPO
MONTGOMERY,48339691700,NA,HGACMPO
MONTGOMERY,48339691801,NA,HGACMPO
MONTGOMERY,48339691802,NA,HGACMPO
MONTGOMERY,48339691900,NA,HGACMPO
MONTGOMERY,48339692003,NA,HGACMPO
MONTGOMERY,48339692004,NA,HGACMPO
MONTGOMERY,48339692005,NA,HGACMPO
MONTGOMERY,48339692006,NA,HGACMPO
MONTGOMERY,48339692007,NA,HGACMPO
MONTGOMERY,48339692008,NA,HGACMPO
MONTGOMERY,48339692009,NA,HGACMPO
MONTGOMERY,48339692010,NA,HGACMPO
MONTGOMERY,48339692101,NA,HGACMPO
MONTGOMERY,48339692102,NA,HGACMPO
MONTGOMERY,48339692103,NA,HGACMPO
MONTGOMERY,48339692201,NA,HGACMPO
MONTGOMERY,48339692202,NA,HGACMPO
MONTGOMERY,48339692301,NA,HGACMPO
MONTGOMERY,48339692302,NA,HGACMPO
MONTGOMERY,48339692303,NA,HGACMPO
MONTGOMERY,48339692304,NA,HGACMPO
MONTGOMERY,48339692401,NA,HGACMPO
MONTGOMERY,48339692402,NA,HGACMPO
MONTGOMERY,48339692501,NA,HGACMPO
MONTGOMERY,48339692502,NA,HGACMPO
MONTGOMERY,48339692601,NA,HGACMPO
MONTGOMERY,48339692603,NA,HGACMPO
MONTGOMERY,48339692604,NA,HGACMPO
MONTGOMERY,48339692605,NA,HGACMPO
MONTGOMERY,48339692701,NA,HGACMPO
MONTGOMERY,48339692702,NA,HGACMPO
MONTGOMERY,48339692802,NA,HGACMPO
MONTGOMERY,48339692803,NA,HGACMPO
MONTGOMERY,48339692804,NA,HGACMPO
MONTGOMERY,48339692900,NA,HGACMPO
MONTGOMERY,48339693001,NA,HGACMPO
MONTGOMERY,48339693002,NA,HGACMPO
MONTGOMERY,48339693102,NA,HGACMPO
MONTGOMERY,48339693103,NA,HGACMPO
MONTGOMERY,48339693104,NA,HGACMPO
MONTGOMERY,48339693201,NA,HGACMPO
MONTGOMERY,48339693202,NA,HGACMPO
MONTGOMERY,48339693301,NA,HGACMPO
MONTGOMERY,48339693302,NA,HGACMPO
MONTGOMERY,48339693303,NA,HGACMPO
MONTGOMERY,48339693304,NA,HGACMPO
MONTGOMERY,48339693401,NA,HGACMPO
MONTGOMERY,48339693402,NA,HGACMPO
MONTGOMERY,48339693501,NA,HGACMPO
MONTGOMERY,48339693502,NA,HGACMPO
MONTGOMERY,48339693503,NA,HGACMPO
MONTGOMERY,48339693600,NA,HGACMPO
MONTGOMERY,48339693701,NA,HGACMPO
MONTGOMERY,48339693702,NA,HGACMPO
MONTGOMERY,48339693703,NA,HGACMPO
MONTGOMERY,48339693800,NA,HGACMPO
MONTGOMERY,48339693901,NA,HGACMPO
MONTGOMERY,48339693902,NA,HGACMPO
MONTGOMERY,48339693903,NA,HGACMPO
MONTGOMERY,48339693904,NA,HGACMPO
MONTGOMERY,48339694001,NA,HGACMPO
MONTGOMERY,48339694002,NA,HGACMPO
MONTGOMERY,48339694103,NA,HGACMPO
MONTGOMERY,48339694104,NA,HGACMPO
MONTGOMERY,48339694105,NA,HGACMPO
MONTGOMERY,48339694106,NA,HGACMPO
MONTGOMERY,48339694107,NA,HGACMPO
MONTGOMERY,48339694203,NA,HGACMPO
MONTGOMERY,48339694204,NA,HGACMPO
MONTGOMERY,48339694205,NA,HGACMPO
MONTGOMERY,48339694206,NA,HGACMPO
MONTGOMERY,48339694207,NA,HGACMPO
MONTGOMERY,48339694208,NA,HGACMPO
MONTGOMERY,48339694209,NA,HGACMPO
MONTGOMERY,48339694210,NA,HGACMPO
MONTGOMERY,48339694303,NA,HGACMPO
MONTGOMERY,48339694304,NA,HGACMPO
MONTGOMERY,48339694305,NA,HGACMPO
MONTGOMERY,48339694306,NA,HGACMPO
MONTGOMERY,48339694307,NA,HGACMPO
MONTGOMERY,48339694308,NA,HGACMPO
MONTGOMERY,48339694309,NA,HGACMPO
MONTGOMERY,48339694401,NA,HGACMPO
MONTGOMERY,48339694402,NA,HGACMPO
MONTGOMERY,48339694403,NA,HGACMPO
MONTGOMERY,48339694501,NA,HGACMPO
MONTGOMERY,48339694502,NA,HGACMPO
MONTGOMERY,48339694503,NA,HGACMPO
MONTGOMERY,48339694601,NA,HGACMPO
MONTGOMERY,48339694602,NA,HGACMPO
MONTGOMERY,48339694603,NA,HGACMPO
MONTGOMERY,48339694700,NA,HGACMPO
WALLER,48473680100,NA,HGACMPO
WALLER,48473680201,NA,HGACMPO
WALLER,48473680202,NA,HGACMPO
WALLER,48473680301,NA,HGACMPO
WALLER,48473680302,NA,HGACMPO
WALLER,48473680303,NA,HGACMPO
WALLER,48473680501,NA,HGACMPO
WALLER,48473680502,NA,HGACMPO
WALLER,48473680601,NA,HGACMPO
WALLER,48473680602,NA,HGACMPO
WALLER,48473980000,NA,HGACMPO
